enilkonazol,"Kategoria: Przeciwgrzybicze: AZOLE — hamują syntezę ergosterolu
Generacja: I (imidazol)
Spektrum: dermatofity, drożdżaki
Zastosowanie: TYLKO MIEJSCOWO — infekcje skórne, dezynfekcja w fermach drobiu"
klotrimazol,"Kategoria: Przeciwgrzybicze: AZOLE — hamują syntezę ergosterolu
Generacja: I (imidazol)
Spektrum: dermatofity, drożdżaki, pleśnie, niekt. G+, pierwotniaki
Zastosowanie: MIEJSCOWO — skóra, błony śluzowe, rogówka, pochwa, macica"
mikonazol / ekonazol,"Kategoria: Przeciwgrzybicze: AZOLE — hamują syntezę ergosterolu
Generacja: I (imidazol)
Spektrum: dermatofity, drożdżaki, pleśnie, G+
Zastosowanie: MIEJSCOWO — skóra, błony śluzowe, uszy"
ketokonazol,"Kategoria: Przeciwgrzybicze: AZOLE — hamują syntezę ergosterolu
Generacja: II (imidazol)
Spektrum: dermatofity, drożdżaki, dimorficzne, pleśnie
Zastosowanie: OGÓLNIE + MIEJSCOWO — grzybice skóry, nadczynność kory nadnerczy
Przeciwwskazania: KOTY, wątroba, trombocytopenia, nadwrażliwość
Działania niepożądane: pp, hepatotoksyczność, trombocytopenia, neurologiczne, zaburzenia hormonalne (↓testosteron, ↑progesteron), zaćma, teratogenny"
itrakonazol,"Kategoria: Przeciwgrzybicze: AZOLE — hamują syntezę ergosterolu
Generacja: III (triazol)
Spektrum: jak ketokonazol
Zastosowanie: OGÓLNIE — dermatofitozy; aspergiloza u ptaków, blastomykoza, kryptokokoza
Przeciwwskazania: wątroba, nerki, ciąża, laktacja, niewydolność serca
Działania niepożądane: pp, ślinotok, depresja, apatia, hepatotoksyczność, owrzodzenia skóry; działa inotropowo (-)"
flukonazol,"Kategoria: Przeciwgrzybicze: AZOLE — hamują syntezę ergosterolu
Generacja: III (triazol)
Spektrum: głównie drożdżaki, dermatofity, grzyby dimorficzne
Zastosowanie: OGÓLNIE doustnie/dożylnie — grzybice układowe i skóry
Przeciwwskazania: papużki faliste, wątroba, nerki, ciąża
Działania niepożądane: brak apetytu, wymioty, biegunka, hiperadrenokortycyzm, hepatotoksyczność, wyłysienia"
worykonazol,"Kategoria: Przeciwgrzybicze: AZOLE — hamują syntezę ergosterolu
Generacja: IV (triazol)
Spektrum: pleśnie, dimorficzne, drożdżaki, dermatofity
Zastosowanie: OGÓLNIE — ciężkie grzybice, głównie aspergiloza
Przeciwwskazania: koty, wątroba, arytmie, ciąża
Działania niepożądane: brak apetytu, ↓masy, apatia, hepatomegalia, wysypka (droga terapia)"
pozakonazol,"Kategoria: Przeciwgrzybicze: AZOLE — hamują syntezę ergosterolu
Generacja: IV (triazol)
Spektrum: jak worykonazol
Zastosowanie: OGÓLNIE + MIEJSCOWO — ciężkie grzybice
Przeciwwskazania: brak danych
Działania niepożądane: świąd, rumień, brak apetytu, wymioty, polidypsja"
"terbinafina, naftifina, butenafina","Kategoria: Przeciwgrzybicze: pozostałe inhibitory ergosterolu
Grupa: alliloaminy
Mechanizm: hamują przekształcanie skwalenu do steroli → akumulacja skwalenu w komórce; grzybobójczy
Spektrum: głównie dermatofity, drożdżaki, dimorficzne, pleśnie
Zastosowanie: OGÓLNIE + MIEJSCOWO — infekcje dermatofitami
Przeciwwskazania: nadwrażliwość, wątroba, nerki, ciąża, laktacja
Działania niepożądane: wymioty, biegunki, nadmierne ziajanie, ↑enzymy wątrobowe, letarg, świąd"
amorolfina,"Kategoria: Przeciwgrzybicze: pozostałe inhibitory ergosterolu
Grupa: morfoliny
Mechanizm: hamują enzymy syntetyzujące ergosterol; statyczno/bójczo
Spektrum: dermatofity, drożdżaki, dimorficzne, pleśnie
Zastosowanie: TYLKO MIEJSCOWO — grzybice skóry, dermatofitozy powierzchowne
Działania niepożądane: podrażnienie skóry, zaczerwienienie, świąd (długo utrzymuje się w keratynie)"
cyklopiroks,"Kategoria: Przeciwgrzybicze: pozostałe inhibitory ergosterolu
Grupa: pochodne pirydynonu
Mechanizm: zaburzenia transportu błonowego; grzybobójczo
Spektrum: dermatofity, drożdżaki
Zastosowanie: TYLKO MIEJSCOWO"
nystatyna,"Kategoria: Przeciwgrzybicze: POLIENY — tworzą pory w błonie
Spektrum: Candida spp.
Zastosowanie: TYLKO MIEJSCOWO — zapalenie ucha zewn., kandydoza; doustnie w drożdżycach pp (nie wchłania się)
Działania niepożądane: utrata łaknienia, działanie drażniące na błony śluzowe pp"
natamycyna,"Kategoria: Przeciwgrzybicze: POLIENY — tworzą pory w błonie
Spektrum: Candida spp., niektóre pleśnie
Zastosowanie: MIEJSCOWO — spojówka, pochwa, jama ustna, uszy
Działania niepożądane: nadwrażliwość na światło, wymioty, brak apetytu"
amfoterycyna B,"Kategoria: Przeciwgrzybicze: POLIENY — tworzą pory w błonie
Spektrum: szerokie — Candida, Aspergillus, Cryptococcus, Leishmania
Zastosowanie: OGÓLNIE — grzybice narządowe zagrażające życiu, kryptokokoza, aspergiloza
Przeciwwskazania: problemy z nerkami, odwodnienie, zaburzenia elektrolitowe
Działania niepożądane: nefrotoksyczność , zapalenie żył, kwasica, hipokaliemia, hipomagnezemia, gorączka, hepatotoksyczność, arytmie — NIE pierwszego wyboru"
gryzeofulwina,"Kategoria: Przeciwgrzybicze: pozostałe (gryzeofulwina, flucytozyna, echinokandyny)
Grupa / mechanizm: antybiotyk niepolienowy; zakłóca mikrotubule → hamuje mitozę grzyba
Spektrum: dermatofity ( NIE Candida, NIE Malassezia )
Zastosowanie: OGÓLNIE doustnie — grzybice skóry/wytworów, łupież pstry; wchłania się lepiej z tłuszczem
Przeciwwskazania: ciąża, FIV, KOTY!
Działania niepożądane: teratogenność, mielosupresja, anoreksja, wymioty, hepato-, neurotoksyczność, niedokrwistość, uszkodzenie szpiku"
flucytozyna,"Kategoria: Przeciwgrzybicze: pozostałe (gryzeofulwina, flucytozyna, echinokandyny)
Grupa / mechanizm: antymetabolit — w komórce grzyba → 5-fluorouracyl → hamuje syntezę białek
Spektrum: drożdżaki (grzybostatyczna)
Zastosowanie: OGÓLNIE — kryptokokowe zapalenie opon mózgowych; łączona z amfoterycyną B i azolami; przenika do OUN
Przeciwwskazania: psy, nerki, szpik, ciąża, laktacja
Działania niepożądane: zaburzenia pp, zmiany skórne, mielosupresja, owrzodzenia jamy ustnej, ↑enzymy wątrobowe, OUN, supresja szpiku, hepatotoksyczność"
"kaspofungina, anidulafungina, mikafungina","Kategoria: Przeciwgrzybicze: pozostałe (gryzeofulwina, flucytozyna, echinokandyny)
Grupa / mechanizm: echinokandyny — blok syntezy β-glukanu (ściany komórkowej)
Spektrum: pleśnie, drożdżaki — grzybobójczo
Zastosowanie: OGÓLNIE dożylnie
Przeciwwskazania: wątroba, ciąża
Działania niepożądane: wysypka, świąd, hepatotoksyczność, gorączka, ból w miejscu iniekcji, objawy hematologiczne"
"idoksurydyna, tryflurydyna","Kategoria: Przeciwwirusowe: analogi nukleozydów — hamują polimerazę DNA
Mechanizm szczegółowy: analogi pirymidynowe — wbudowują się w DNA zamiast tymidyny
Spektrum: herpeswirusy
Zastosowanie: OKULISTYKA — wirusowe zakażenia rogówki (HSV)
Działania niepożądane: podrażnienie, ból, świąd, światłowstręt, obrzęk spojówek; idoksurydyna kardiotoksyczna"
acyklowir,"Kategoria: Przeciwwirusowe: analogi nukleozydów — hamują polimerazę DNA
Mechanizm szczegółowy: analog purynowy; aktywowany przez kinazy wirusowe
Spektrum: herpeswirusy
Zastosowanie: zapalenie rogówki u koni (opryszczka końska), herpeswiroza w nosówce
Działania niepożądane: nefrotoksyczność, neurologiczne, pp, zapalenie żył; u kotów : supresja szpiku + hepatotoksyczność"
famcyklowir → pencyklowir,"Kategoria: Przeciwwirusowe: analogi nukleozydów — hamują polimerazę DNA
Mechanizm szczegółowy: prolek pencyklowiru; aktywowany przez kinazy
Spektrum: herpeswirusy
Zastosowanie: FHV-1, ospa u kotów
Działania niepożądane: wymioty, letarg"
gancyklowir,"Kategoria: Przeciwwirusowe: analogi nukleozydów — hamują polimerazę DNA
Mechanizm szczegółowy: jak acyklowir, aktywacja kinazami
Spektrum: herpeswirusy
Zastosowanie: (rzadko stosowany w wet.)
Działania niepożądane: mielo-, terato-, mutagenny, nefro-, hepatotoksyczność, pp, neurologiczne"
cydofowir,"Kategoria: Przeciwwirusowe: analogi nukleozydów — hamują polimerazę DNA
Mechanizm szczegółowy: hamuje polimerazę DNA, NIE wymaga aktywacji kinazą
Spektrum: herpeswirusy
Zastosowanie: okulistyka FHV-1"
L-lizyna,"Kategoria: Przeciwwirusowe: analogi nukleozydów — hamują polimerazę DNA
Mechanizm szczegółowy: konkuruje z argininą → ↓ biodostępności argininy → hamowanie replikacji
Spektrum: herpeswirusy
Zastosowanie: profilaktycznie w czasie nawrotów FHV-1
Działania niepożądane: wymioty, biegunka, brak apetytu"
zydowudyna,"Kategoria: Przeciwwirusowe: analogi nukleozydów — hamują polimerazę DNA
Mechanizm szczegółowy: analog deoksytymidyny — inhibitor odwrotnej transkryptazy (RNA→DNA)
Spektrum: retrowirusy
Zastosowanie: FIV, FeLV
Działania niepożądane: niedokrwistość, małopłytkowość, granulocytopenia, OUN, wątroba, owrzodzenia przełyku"
interferon omega / alfa,"Kategoria: Przeciwwirusowe: pozostałe mechanizmy
Mechanizm: nie działa bezpośrednio na wirusa — pobudza komórki do produkcji białek antywirusowych; aktywuje geny przeciwwirusowe
Zastosowanie: kocia białaczka, FIV, herpeswirusowe zapalenia oka, chłoniak skórny u psów, parwowiroza, wirusowe zap. żołądka/jelit, wirusowe zap. płuc u bydła
Działania niepożądane: wymioty, luźne stolce, przejściowe ↓ leukocytów/płytek/erytrocytów u kotów, zmęczenie; alfa może indukować przeciwciała neutralizujące"
foskarnet,"Kategoria: Przeciwwirusowe: pozostałe mechanizmy
Mechanizm: nienukleotydowy analog pirofosforanu — hamuje polimerazę DNA/RNA + odwrotną transkryptazę; nie wymaga aktywacji
Zastosowanie: opryszczka kotów, FIP, FeLV, FIV, chłoniak skórny u psów
Działania niepożądane: nefro-, neurotoksyczność"
raltegrawir,"Kategoria: Przeciwwirusowe: pozostałe mechanizmy
Mechanizm: inhibitor integrazy wirusowej — blokuje wbudowanie DNA wirusa do genomu
Zastosowanie: FIV, FeLV"
amantadyna,"Kategoria: Przeciwwirusowe: pozostałe mechanizmy
Mechanizm: inhibitor białka M2 — blokuje usuwanie płaszcza wirusa (otwieranie kapsydu); unieczynnia hemaglutyninę
Zastosowanie: grypa; przewlekły ból
Działania niepożądane: teratogenność, niepokój"
fenbendazol,"Kategoria: Endopasożyty: BENZIMIDAZOLE — hamują mikrotubule nicieni
Spektrum: nicienie pp i płucne, część tasiemców, giardia
Przeciwwskazania: ciąża
Działania niepożądane: biegunka, wymioty, reakcje alergiczne"
albendazol,"Kategoria: Endopasożyty: BENZIMIDAZOLE — hamują mikrotubule nicieni
Spektrum: nicienie, tasiemce, niektóre przywry
Przeciwwskazania: nadwrażliwość
Działania niepożądane: wymioty, biegunka, zaburzenia rozwoju piór u kur"
flubendazol,"Kategoria: Endopasożyty: BENZIMIDAZOLE — hamują mikrotubule nicieni
Spektrum: nicienie jelitowe
Przeciwwskazania: gołębie, papugi, nadwrażliwość
Działania niepożądane: brak"
oksybendazol,"Kategoria: Endopasożyty: BENZIMIDAZOLE — hamują mikrotubule nicieni
Spektrum: nicienie pp
Przeciwwskazania: brak
Działania niepożądane: nudności, biegunka"
febantel,"Kategoria: Endopasożyty: BENZIMIDAZOLE — hamują mikrotubule nicieni
Spektrum: nicienie pp + część tasiemców (PROLEK)
Przeciwwskazania: ciąża, nadwrażliwość
Działania niepożądane: brak"
lewamizol,"Kategoria: Endopasożyty: agoniści receptorów cholinergicznych — paraliż spastyczny
Grupa: imidazotiazole
Spektrum: nicienie żołądkowo-jelitowe i płucne
Przeciwwskazania: niewydolność wątroby/nerek, wyniszczenie, ciąża
Działania niepożądane: negatywny wpływ na nasienie, zaburzenia hematologiczne u psów, ślinienie, drżenie, wymioty, bradykardia"
"pyrantel, morantel, oksantel","Kategoria: Endopasożyty: agoniści receptorów cholinergicznych — paraliż spastyczny
Grupa: tetrahydropirymidyny
Spektrum: nicienie jelitowe, tasiemce
Przeciwwskazania: wyniszczenie
Działania niepożądane: ślinienie, wymioty"
monepantel,"Kategoria: Endopasożyty: agoniści receptorów cholinergicznych — paraliż spastyczny
Grupa: pochodne amino-acetonitrylu
Spektrum: nicienie pp (receptor swoisty dla nicieni)"
iwermektyna,"Kategoria: MAKROCYKLICZNE LAKTONY (endektocydy) — paraliż wiotki
Podgrupa: awermektyny
Spektrum: nicienie pp/płucne, wszy, świerzbowce, larwy much
Przeciwwskazania: młodsze niż 6 tyg.
Dodatkowe: przenika przez BBB"
doramektyna,"Kategoria: MAKROCYKLICZNE LAKTONY (endektocydy) — paraliż wiotki
Podgrupa: awermektyny
Spektrum: nicienie pp/płucne, wszy, świerzbowce, gzy, nużeńce
Przeciwwskazania: cielęta <3 mies., bydło i owce w laktacji
Dodatkowe: działa dłużej niż iwermektyna"
eprynomektyna,"Kategoria: MAKROCYKLICZNE LAKTONY (endektocydy) — paraliż wiotki
Podgrupa: awermektyny
Spektrum: nicienie pp/płuc, wszy, roztocza, gzy
Przeciwwskazania: nadwrażliwość"
selamektyna,"Kategoria: MAKROCYKLICZNE LAKTONY (endektocydy) — paraliż wiotki
Podgrupa: awermektyny
Spektrum: pchły, świerzbowce, wszy, wszoły, nicienie
Przeciwwskazania: psy <6 tyg., koty <8 tyg.
Dodatkowe: + obszary łysienia, ospałość"
oksym milbemycyny,"Kategoria: MAKROCYKLICZNE LAKTONY (endektocydy) — paraliż wiotki
Podgrupa: milbemycyny
Spektrum: nicienie pp, dirofilarioza (profilaktyka i leczenie), niektóre roztocza
Przeciwwskazania: ciąża, laktacja"
moksydektyna,"Kategoria: MAKROCYKLICZNE LAKTONY (endektocydy) — paraliż wiotki
Podgrupa: milbemycyny
Spektrum: nicienie pp/płucne, nużeńce, świerzbowce, wszy, gzy; dirofilarioza
Przeciwwskazania: młode zwierzęta
Dodatkowe: + obniżenie apetytu, wymioty, uszkodzenia skóry"
prazykwantel,"Kategoria: Przeciw TASIEMCOM i PRZYWROM
Mechanizm: ↑ przepuszczalność błon dla Ca²⁺ → depolaryzacja → skurcz mięśni pasożyta → oderwanie od tkanek
Spektrum: tasiemce, niektóre przywry
Przeciwwskazania: psy <4 tyg., koty <6 tyg., choroby nerek
Działania niepożądane: ślinienie, biegunka, wymioty, brak apetytu, ból w iniekcji"
emodepsyd,"Kategoria: Przeciw TASIEMCOM i PRZYWROM
Mechanizm: depsypeptydy — stymulacja presynaptycznych rec. sekretynowych → porażenie
Spektrum: nicienie
Przeciwwskazania: kocięta <8 tyg., nadwrażliwość
Działania niepożądane: łysienie w miejscu podania, świąd, ślinotok, wymioty, biegunka; UWAGA: psy z mutacją MDR-1!"
niklozamid,"Kategoria: Przeciw TASIEMCOM i PRZYWROM
Mechanizm: hamuje fosforylację oksydacyjną → ↑ kwas mlekowy + ↓ transport glukozy → spadek ATP → śmierć
Spektrum: tasiemce
Przeciwwskazania: niewydolność wątroby/nerek
Działania niepożądane: nudności, wymioty"
klorsulon,"Kategoria: Przeciw TASIEMCOM i PRZYWROM
Mechanizm: hamuje enzymy szlaku glikolitycznego (główne źródło energii przywr)
Spektrum: motylice wątrobowe"
oksyklozanid,"Kategoria: Przeciw TASIEMCOM i PRZYWROM
Mechanizm: zaburza funkcję mitochondriów
Spektrum: motylica wątrobowa
Działania niepożądane: przejściowy ↓ produkcji mleka, zmiękczenie kału"
"triklabendazol, klozantel, rafoksanid","Kategoria: Przeciw TASIEMCOM i PRZYWROM
Mechanizm: (brak preparatów w PL)"
amprolium,"Kategoria: Przeciw PIERWOTNIAKOM (kokcydia, babesia, giardia)
Mechanizm: kompetycyjny antagonista tiaminy → zaburza metabolizm węglowodanów kokcydiów
Spektrum: kokcydia (Eimeria)
Działania niepożądane: brak (PW: nadwrażliwość)"
diklazuryl,"Kategoria: Przeciw PIERWOTNIAKOM (kokcydia, babesia, giardia)
Mechanizm: przerywa cykl rozwojowy kokcydiów i wydalanie oocyst przez 2-3 tyg.
Spektrum: kokcydia
Działania niepożądane: biegunki, wymioty, ospałość, zaleganie"
toltrazuryl,"Kategoria: Przeciw PIERWOTNIAKOM (kokcydia, babesia, giardia)
Mechanizm: zaburza cykl w fazie merogonii i gamogonii — niszczy wszystkie stadia
Spektrum: kokcydia"
sulfonamidy + trimetoprim,"Kategoria: Przeciw PIERWOTNIAKOM (kokcydia, babesia, giardia)
Spektrum: kokcydia"
halofuginon,"Kategoria: Przeciw PIERWOTNIAKOM (kokcydia, babesia, giardia)
Mechanizm: zaburza syntezę białek
Spektrum: Cryptosporidium parvum
Działania niepożądane: biegunka (PW: pusty żołądek)"
imidokarb,"Kategoria: Przeciw PIERWOTNIAKOM (kokcydia, babesia, giardia)
Mechanizm: inhibitor topoizomerazy II → hamuje replikację DNA
Spektrum: babesia, anaplasma
Działania niepożądane: wymioty, gorączka, niepokój, drżenia (PW: dożylnie)"
"doksycyklina, klindamycyna","Kategoria: Przeciw PIERWOTNIAKOM (kokcydia, babesia, giardia)
Spektrum: babesia"
"metronidazol, ronidazol, tynidazol","Kategoria: Przeciw PIERWOTNIAKOM (kokcydia, babesia, giardia)
Mechanizm: nitroimidazole — biernie wnikają, redukują się do aktywnych metabolitów, uszkadzają DNA niezależnie od fazy wzrostu
Spektrum: pierwotniaki: giardia, rzęsistki"
afoksolaner,"Kategoria: Ektopasożyty: IZOKSAZOLINY — kanały Cl⁻/GABA, paraliż
Spektrum: pchły, nużeńce, kleszcze, świerzbowce"
esafoksolaner,"Kategoria: Ektopasożyty: IZOKSAZOLINY — kanały Cl⁻/GABA, paraliż
Spektrum: pchły, kleszcze, roztocza"
sarolaner,"Kategoria: Ektopasożyty: IZOKSAZOLINY — kanały Cl⁻/GABA, paraliż
Spektrum: pchły, nużeńce, kleszcze, świerzbowce"
fluralaner,"Kategoria: Ektopasożyty: IZOKSAZOLINY — kanały Cl⁻/GABA, paraliż
Spektrum: pchły, kleszcze, świerzbowce, ptaszyniec kurzy"
lotilaner,"Kategoria: Ektopasożyty: IZOKSAZOLINY — kanały Cl⁻/GABA, paraliż
Spektrum: pchły, kleszcze"
tigolaner,"Kategoria: Ektopasożyty: IZOKSAZOLINY — kanały Cl⁻/GABA, paraliż
Spektrum: pchły, kleszcze"
"imidaklopryd, dinotefuran","Kategoria: Ektopasożyty: pozostałe neurotoksyny
Grupa: neonikotynoidy
Mechanizm: agoniści rec. nikotynowych → nadmierna depolaryzacja → porażenie
Spektrum: dorosłe pchły
Przeciwwskazania: młode, rekonwalescenci
DN: świąd, wymioty, ślinienie"
"fipronil, pyriprol","Kategoria: Ektopasożyty: pozostałe neurotoksyny
Grupa: fenylopirazole
Mechanizm: blokowanie kanałów Cl⁻ (zwł. zależnych od GABA) → niekontrolowana aktywność OUN
Spektrum: pchły, kleszcze, (wszy)
Przeciwwskazania: króliki, młode, chore, osłabione"
"permetryna, deltametryna, flumetryna","Kategoria: Ektopasożyty: pozostałe neurotoksyny
Grupa: pyretroidy
Mechanizm: blokery otwartych kanałów Na⁺ — depolaryzacja długotrwała
Spektrum: pchły, kleszcze, komary, muchy, wszy
Przeciwwskazania: KOTY! , osłabione, chore"
propoksur,"Kategoria: Ektopasożyty: pozostałe neurotoksyny
Grupa: karbaminiany
Mechanizm: hamują acetylocholinoesterazę → nagromadzenie ACh → porażenie
Spektrum: pchły, wszy, wszoły, muchy, kleszcze (częściowo)
Przeciwwskazania: młode, osłabione, choroby układu oddechowego"
amitraza,"Kategoria: Ektopasożyty: pozostałe neurotoksyny
Grupa: formamidyny
Mechanizm: agonista rec. α2-adrenergicznych u pasożyta → zaburzenie przewodnictwa
Spektrum: (toksyczna dla pszczół)
Przeciwwskazania: koty, konie, chihuahua"
pyriproksyfen,"Kategoria: Ektopasożyty: IGR — regulatory wzrostu owadów
Spektrum: jaja, larwy pcheł
Przeciwwskazania: koty
DN: wymioty, ślinienie, świąd"
metopren,"Kategoria: Ektopasożyty: IGR — regulatory wzrostu owadów
Spektrum: jaja, larwy pcheł
Przeciwwskazania: szczenięta, zwierzęta w rekonwalescencji
DN: wymioty, ślinienie, świąd"
prednizon / prednizolon,"Kategoria: GLIKOKORTYKOSTEROIDY
Zastosowanie: stany zapalne, alergie, atopowe zapalenie skóry
Przeciwwskazania: zapalenie tworzywa kopytowego, infekcje, wrzody, ciąża, infekcje oka, jaskra, zaćma, cukrzyca, gojenie, nefropatie, nadciśnienie
Działania niepożądane: jatrogenny zespół Cushinga , czynnościowy zanik kory nadnerczy, hiperglikemia, nadciśnienie, obrzęki, hipokaliemia, wrzody, osteoporoza, jaskra/zaćma, poronienia, drgawki
Dodatkowe: prednizon → psy; prednizolon → koty (lepiej się wchłania)"
"octan prednizolonu, deksametazon","Kategoria: GLIKOKORTYKOSTEROIDY
Zastosowanie: OCZNE: alergiczne zap. spojówek, powierzchowne punktowate zap. rogówki
Przeciwwskazania: infekcje wirusowe/grzybicze/bakteryjne, owrzodzenia, oparzenia, jaskra
Działania niepożądane: immunosupresja, hamowanie reparacji, destrukcja rogówki, zaćma, jaskra
Dodatkowe: na rogówkę i do worka spojówkowego"
cyklofosfamid,"Kategoria: Cytostatyki: leki ALKILUJĄCE
Zastosowanie: nowotwory ukł. chłonnego, mięsaki, płuc, sutka; choroby autoimmunologiczne
Działania niepożądane: depresja szpiku, krwotoczne zap. pęcherza (akroleina!) , nudności, wymioty, ↓łaknienia, mielosupresja
Dodatkowe: prolek aktywowany w wątrobie; akroleina = metabolit; swoiste dla cyklu"
ifosfamid,"Kategoria: Cytostatyki: leki ALKILUJĄCE
Zastosowanie: mięsaki
Działania niepożądane: depresja szpiku, krwotoczne zap. pęcherza (akroleina!) , nudności, wymioty, ↓łaknienia, mielosupresja
Dodatkowe: akroleina"
chlorambucyl,"Kategoria: Cytostatyki: leki ALKILUJĄCE
Zastosowanie: białaczka limfatyczna, chłoniaki, mastocytoma, nowotwory krwi
Działania niepożądane: mielotoksyczność (mielosupresja)
Dodatkowe: może być podawany z GKS"
mefalan,"Kategoria: Cytostatyki: leki ALKILUJĄCE
Zastosowanie: szpiczak"
busulfan,"Kategoria: Cytostatyki: leki ALKILUJĄCE
Zastosowanie: przewlekła białaczka szpikowa, czerwienica
Dodatkowe: hamuje rozplem granulocytów"
karmustyna,"Kategoria: Cytostatyki: leki ALKILUJĄCE
Zastosowanie: nowotwory OUN
Działania niepożądane: nefro-, neurotoksyczność
Dodatkowe: przenika do OUN"
streptozocyna,"Kategoria: Cytostatyki: leki ALKILUJĄCE
Zastosowanie: nowotwory trzustki
Działania niepożądane: nieodwracalne uszkodzenie trzustki, nefro-, neurotoksyczność"
lomustyna,"Kategoria: Cytostatyki: leki ALKILUJĄCE
Zastosowanie: guzy mózgu, białaczka, mastocytoma
Działania niepożądane: hepatotoksyczność"
dakarbazyna,"Kategoria: Cytostatyki: leki ALKILUJĄCE
Zastosowanie: chłoniaki u psów
Działania niepożądane: wymioty, brak apetytu, mielosupresja, niepokój"
metotreksat,"Kategoria: Cytostatyki: ANTYMETABOLITY
Mechanizm: antagonista kw. foliowego
Zastosowanie: nowotwory ukł. chłonnego
Działania niepożądane: + immunosupresja"
fluorouracyl,"Kategoria: Cytostatyki: ANTYMETABOLITY
Mechanizm: blokuje syntetazę tymidylową → hamuje syntezę DNA i RNA
Zastosowanie: nowotwory pp, płuc, wątroby, gruczołu mlekowego, skóry
Przeciwwskazania: KOTY!
Działania niepożądane: neurotoksyczność dla kotów, utrata wzroku, pobudzenie, drżenia mięśni, niezborność móżdżkowa"
cytarabina,"Kategoria: Cytostatyki: ANTYMETABOLITY
Mechanizm: antymetabolit
Zastosowanie: białaczki"
paklitaksel,"Kategoria: Cytostatyki: INHIBITORY MITOZY
Grupa: taksany
Zastosowanie: nowotwory jajnika, sutka, płuc, głowy/szyi, jąder
Przeciwwskazania: KOTY!; u psów ostatnia opcja
Działania niepożądane: mielosupresja, wymioty, biegunka, neuro-, kardiotoksyczność, neuropatie
Dodatkowe: neutralizować doustnym prednizonem"
winblastyna,"Kategoria: Cytostatyki: INHIBITORY MITOZY
Grupa: alkaloid Vinca
Zastosowanie: mastocytoza"
winkrystyna,"Kategoria: Cytostatyki: INHIBITORY MITOZY
Grupa: alkaloid Vinca
Zastosowanie: nowotwory limfoproliferacyjne, guzy weneryczne, małopłytkowość
Przeciwwskazania: choroby wątroby
Działania niepożądane: NEUROTOKSYCZNOŚĆ , neuropatie, ból neuropatyczny, mielotoksyczność, odparzenia skóry, zaparcia"
winorelbina,"Kategoria: Cytostatyki: INHIBITORY MITOZY
Grupa: alkaloid Vinca
Zastosowanie: nowotwory płuc"
daktynomycyna,"Kategoria: Cytostatyki: antybiotyki przeciwnowotworowe (interkalujące DNA)
Grupa: aktynomycyny
Mechanizm: wiąże DNA, hamuje syntezę DNA, wytwarza wolne rodniki, hamuje topoizomerazę II
Zastosowanie: chłoniaki, nowotwory jąder, mięśniakomięsaki"
doksorubicyna,"Kategoria: Cytostatyki: antybiotyki przeciwnowotworowe (interkalujące DNA)
Grupa: antracykliny I gen.
Mechanizm: wytwarza wolne rodniki → stres oksydacyjny
Zastosowanie: białaczki, chłoniaki, nowotwory jajnika, płuc, jąder, wątroby
Działania niepożądane: kardiotoksyczność , nudności, wymioty, nefrotoksyczność, mielosupresja"
epirubycyna,"Kategoria: Cytostatyki: antybiotyki przeciwnowotworowe (interkalujące DNA)
Grupa: antracykliny II gen.
Mechanizm: zaburza gospodarkę żelaza → wolne rodniki
Działania niepożądane: mniej kardiotoksyczna niż doksorubicyna"
L-asparaginaza,"Kategoria: Cytostatyki: antybiotyki przeciwnowotworowe (interkalujące DNA)
Grupa: enzym
Mechanizm: rozkłada asparaginę (niezbędną do syntezy białek); faza G1
Zastosowanie: ostra białaczka limfatyczna"
talidomid,"Kategoria: Cytostatyki: antybiotyki przeciwnowotworowe (interkalujące DNA)
Mechanizm: hamuje TNF-α, stymuluje limfocyty T, hamuje angiogenezę
Zastosowanie: szpiczak mnogi"
cisplatyna,"Kategoria: Cytostatyki: pochodne PLATYNY
Zastosowanie: płaskokomórkowy, mięsak kości, gruczolakorak
Przeciwwskazania: KOTY (zejście śmiertelne!)
Działania niepożądane: nefro-, oto-, neuro-, gastrotoksyczność, niewydolność krążenia, wymioty
Dodatkowe: przed podaniem nawodnienie pacjenta"
karboplatyna,"Kategoria: Cytostatyki: pochodne PLATYNY
Dodatkowe: mniej toksyczna alternatywa"
tokeranib,"Kategoria: INHIBITORY KINAZ
Grupa: inhibitor kinazy tyrozynowej
Mechanizm: hamuje VEGFR2, PDGFR, c-Kit — działanie przeciwnowotworowe i antyangiogenne
Zastosowanie: nieoperacyjne, nawracające guzy komórek tucznych II/III u psów
Przeciwwskazania: ciąża, laktacja, psy <2 lat lub <3 kg, psy do hodowli; NIE z NLPZ ani GKS
Działania niepożądane: anoreksja, biegunka, krwawienia z pp, hipoalbuminemia, neutropenia, niedokrwistość, nefro-/hepatotoksyczność, kulawizny, wyłysienia, wstrząs"
masytynib (Masivet),"Kategoria: INHIBITORY KINAZ
Grupa: inhibitor kinazy białkowo-tyrozynowej
Mechanizm: blokuje c-KIT, PDGF, FGFR3 → hamuje podziały kom. tucznych
Zastosowanie: guzy komórek tucznych u psów
Przeciwwskazania: ciąża/laktacja, psy <6 mż lub <4 kg, niewydolność wątroby (AST/ALT ×3), nerek, niedokrwistość, neutropenia
Działania niepożądane: pp (biegunka/wymioty), wypadanie sierści, uszkodzenie nerek, niedokrwistość aplastyczna, neutropenia, ↑ALT/AST, senność, ↓apetytu, kaszel, ↑węzłów, obrzęk, tłuszczak"
oklacytynib,"Kategoria: INHIBITORY KINAZ
Grupa: inhibitor kinaz janusowych (JAK)
Mechanizm: hamuje cytokiny zależne od JAK (IL-2, IL-4, IL-6)
Zastosowanie: leczenie świądu w alergicznym/atopowym zapaleniu skóry u psów
Przeciwwskazania: psy z immunosupresją, nowotworami, <1 roku, <3 kg
Działania niepożądane: biegunka, wymioty, polidypsja, letarg, tłuszczaki, histiocytoma, zap. ucha, zap. pęcherza, ↑węzłów, agresja"
ilunocytynib,"Kategoria: INHIBITORY KINAZ
Grupa: inhibitor JAK
Mechanizm: jw. — świąd, alergie, proces zapalny
Zastosowanie: AZS
Przeciwwskazania: jw. + psy z nużycą
Działania niepożądane: biegunka, wymioty, apatia, brodawczaki, torbiele międzypalcowe"
atynwicytynib,"Kategoria: INHIBITORY KINAZ
Grupa: selektywny inhibitor JAK1
Mechanizm: hamuje cytokiny → ↓ krwinek białych zw. ze stanem zapalnym
Zastosowanie: AZS
Przeciwwskazania: nadwrażliwość
Działania niepożądane: biegunka, wymioty, anoreksja, apatia"
lokiwetmab,"Kategoria: INHIBITORY KINAZ
Grupa: przeciwciało monoklonalne (NIE jest inhibitorem kinaz, ale obok JAK)
Mechanizm: psie przeciwciało przeciw IL-31 (cytokina świądu w AZS)
Zastosowanie: atopowe zapalenie skóry
Działania niepożądane: anafilaksja, obrzęk pyska, pokrzywka, wymioty, biegunki, drgawki"
cyklosporyna,"Kategoria: Immunosupresyjne selektywne (limfocyty T/B)
Mechanizm: hamuje aktywację limfocytów T → ↓ produkcji cytokin prozapalnych (gł. IL-2); hamuje wzrost limf. B, degranulację bazofili/eozynofili; hamuje podziały naskórka
Zastosowanie: zapobieganie odrzucaniu przeszczepów, rybia łuska, AZS , pęcherzyca, łysienie plackowate, suche zap. spojówki i rogówki
Przeciwwskazania: cukrzyca, chore nerki, ciąża, laktacja, FeLV, FIV, psy <6 mż lub <2 kg
Działania niepożądane: toksoplazmoza, przerost dziąseł, nefro-, hepatotoksyczność, zakrzepy, wymioty, biegunki, ↑ podatność na infekcje
Dodatkowe: wysokie stężenie w skórze; podawać na czczo; łączona z inhibitorami P450 (taniej)"
azatiopryna,"Kategoria: Immunosupresyjne selektywne (limfocyty T/B)
Mechanizm: uwalnia 6-merkaptopurynę → antymetabolit zasad purynowych → zaburza syntezę DNA, blokuje proliferację limfocytów
Zastosowanie: toczeń rumieniowaty układowy, ciężkie RZS
Przeciwwskazania: leukopenia, ciąża, laktacja
Działania niepożądane: hepato-, mielotoksyczność, ryzyko zap. trzustki
Dodatkowe: dodawana do GKS; NIE U KOTÓW!"
mykofenolan mofetylu (MM),"Kategoria: Immunosupresyjne selektywne (limfocyty T/B)
Mechanizm: prolek → kwas mykofenolowy → hamuje dehydrogenazę monofosforanu inozyny (izoforma II w szybko dzielących się komórkach, m.in. limfocytach) → hamuje proliferację limf. T i B
Zastosowanie: transplantologia, IMHA, kłębuszkowe zap. nerek, miastenia, łuszczyca, zap. naczyń, wrzodziejące zap. okrężnicy
Przeciwwskazania: laktacja
Działania niepożądane: biegunki, supresja szpiku, apatia, podatność na zakażenia, kancerogenny
Dodatkowe: ostrożnie u kotów"
pentoksyfilina,"Kategoria: Immunosupresyjne selektywne (limfocyty T/B)
Mechanizm: metyloksantyna; inhibitor fosfodiesteraz → ↑ cAMP/cGMP w komórce
Zastosowanie: toczeń, AZS, zapalenia naczyń, alergie kontaktowe, czyraki międzypalcowe, łojotok
Przeciwwskazania: przebyty krwotok mózgowy/siatkówkowy
Działania niepożądane: zaburzenia pp, pobudzenie OUN, rumień u koni, fascykulacje"
parapoxvirus ovis,"Kategoria: IMMUNOMODULATORY — stymulujące odporność
Grupa: adiuwanty wirusowe
Mechanizm: nieswoiście stymuluje odporność wrodzoną: aktywuje fagocyty, proliferację limfocytów, produkcję IFN, kom. NK
Zastosowanie: profilaktyka i leczenie chorób infekcyjnych, stres (NIE prowadzi do wyleczenia)
Działania niepożądane: obrzęk w miejscu, nadwrażliwość, kolka u koni"
propionibacterium (cutibacterium),"Kategoria: IMMUNOMODULATORY — stymulujące odporność
Grupa: inaktywowane bakterie
Mechanizm: nieswoiście stymuluje odporność wrodzoną: aktywuje fagocyty, proliferację limfocytów, produkcję IFN, kom. NK
Zastosowanie: ogranicza śmiertelność w chorobie Mareka, Gumboro, białaczce drobiu; PRRS, choroba Aujeszkyego, dyzenteria świń
Działania niepożądane: brak / ból w iniekcji, ↑ temperatury"
mieszanina inaktywowanych bakterii,"Kategoria: IMMUNOMODULATORY — stymulujące odporność
Grupa: inaktywowane bakterie
Mechanizm: antygeny → stymulacja swoistej i nieswoistej odpowiedzi komórkowej, ↑ fagocytoza
Zastosowanie: profilaktyka w niedostatecznej odporności, mieszane infekcje DO, układu rozrodczego
Działania niepożądane: przejściowe nasilenie objawów, ↑ temperatury"
"β-1,3/1,6-glukan z S. cerevisiae","Kategoria: IMMUNOMODULATORY — stymulujące odporność
Mechanizm: rozpoznawany przez makrofagi/neutrofile/kom. dendrytyczne → ↑ fagocytoza + produkcja IL-1, IL-6, TNF-α"
pegbowigrastym,"Kategoria: IMMUNOMODULATORY — stymulujące odporność
Grupa: bG-CSF
Mechanizm: ↑ liczba i aktywność neutrofilów krążących
Zastosowanie: pomocniczo w programie zarządzania stadem — ↓ ryzyka klinicznego zap. gruczołu mlekowego u krów okołoporodowych
Działania niepożądane: anafilaksja, obrzęk błon śluzowych, przyspieszony oddech, ślinotok"
dimer lizozymu,"Kategoria: IMMUNOMODULATORY — stymulujące odporność
Mechanizm: białko przeciwbakteryjne i przeciwwirusowe → ↑ fagocytoza, proliferacja limf. T i B, ↑ IL-2, IL-6
Zastosowanie: wspomagająco w infekcjach bakteryjnych/wirusowych pp, dróg odd., skóry, ucha"
lewamizol,"Kategoria: IMMUNOMODULATORY — stymulujące odporność
Grupa: lek przeciwpasożytniczy = tymomimetyk
Mechanizm: działanie immunorekonstrukcyjne na limf. T, stymuluje fagocytozę, normalizuje cytokiny
Zastosowanie: toczeń rumieniowaty (wspomag.), niektóre nowotwory
Działania niepożądane: wymioty, biegunki, neurotoksyczność (NIE u koni!), anemia hemolityczna, agranulocytoza, zmiany skórne"
kocia interleukina-2,"Kategoria: IMMUNOMODULATORY — stymulujące odporność
Grupa: rekombinant wirusa canarypox
Mechanizm: ekspresja kociej IL-2 w miejscu inokulacji → lokalna stymulacja odporności przeciwnowotworowej
Zastosowanie: immunoterapia, uzupełnienie radioterapii, ↓ ryzyka nawrotu
Działania niepożądane: miejscowo ból, świąd, apatia, gorączka"
cyprofloksacyna,"Kategoria: Okulistyka: antybiotyki
Grupa: fluorochinolony
Mechanizm: hamują topoizomerazę II (gyraza DNA) i IV → ↓ replikacji DNA
Zastosowanie: poważne zakażenia bakteryjne, zap. rogówki, zakażenia wewnątrzgałkowe, wrzody rogówki
Przeciwwskazania: młode psy/koty/konie, ciąża, laktacja, padaczka
Działania niepożądane: uszkodzenie chrząstek stawowych u młodych, pp, degeneracja siatkówki u kotów"
chloramfenikol,"Kategoria: Okulistyka: antybiotyki
Grupa: fenikole
Mechanizm: hamuje 50S rybosom → synteza białka
Zastosowanie: bakteryjne zap. spojówek, powiek, niewrzodziejące i wrzodziejące zap. rogówki
Przeciwwskazania: choroby wątroby
Działania niepożądane: stany zapalne pp, wymioty u mięsożernych, niedokrwistość aplastyczna (szpik)"
"gentamycyna, tobramycyna","Kategoria: Okulistyka: antybiotyki
Grupa: aminoglikozydy
Mechanizm: wiązanie z podjednostką 30S → blok translacji
Zastosowanie: bakteryjne zakażenia rogówki
Przeciwwskazania: zaburzenia nerek
Działania niepożądane: oto-, nefrotoksyczność, blok nerwowo-mięśniowy, hipomagnezemia"
"bacytracyna, gramicydyna, polimyksyna B","Kategoria: Okulistyka: antybiotyki
Grupa: polimyksyny i peptydowe
Mechanizm: kationowe związki amfipatyczne → zakłócają fosfolipidy błony bakteryjnej (wypierają Ca²⁺/Mg²⁺) → rozpad komórki
Zastosowanie: powierzchowne wrzody rogówki
Przeciwwskazania: choroby nerek
Działania niepożądane: uszkodzenie nerek"
kwas fusydowy,"Kategoria: Okulistyka: antybiotyki
Mechanizm: blokuje biosyntezę białka
Zastosowanie: zakażenia bakteryjne powiek i spojówki
Działania niepożądane: reakcje alergiczne"
timolol,"Kategoria: Okulistyka: JASKRA — obniżenie ciśnienia śródgałkowego
Grupa: nieselektywne β-adrenolityki
Mechanizm: blokada rec. β w ciele rzęskowym → ↓ cAMP → ↓ wydzielania jonów i wody → ↓ produkcji cieczy wodnistej
Działania niepożądane: bradykardia, niemiarowość, ↓ ciśnienia, niewydolność wieńcowa, niedokrwienie mózgu i kończyn, skurcz oskrzeli, bóle głowy"
sympatykolityki,"Kategoria: Okulistyka: JASKRA — obniżenie ciśnienia śródgałkowego
Grupa: blokery rec. β
Mechanizm: ↓ produkcji cieczy wodnistej (bezpośrednio przez nabłonek rzęskowy + pośrednio przez naczynia)"
dorzolamid,"Kategoria: Okulistyka: JASKRA — obniżenie ciśnienia śródgałkowego
Grupa: inhibitory anhydrazy węglanowej
Mechanizm: ↓ aktywności anhydrazy w nabłonku barwnikowym → ↓ jonów dwuwęglanowych → ↓ produkcji cieczy wodnistej; działanie moczopędne
Działania niepożądane: zap. spojówek, ubytki nabłonka rogówki, gorzki smak, pogorszenie widzenia, bóle głowy, osłabienie"
pilokarpina,"Kategoria: Okulistyka: JASKRA — obniżenie ciśnienia śródgałkowego
Grupa: parasympatykomimetyki
Mechanizm: otwarcie kąta przesączania + poprawa odpływu konwencjonalnego"
amlodypina,"Kategoria: Okulistyka: JASKRA — obniżenie ciśnienia śródgałkowego
Grupa: antagoniści kanałów Ca²⁺
Mechanizm: neuroprotekcja: pośrednio (wazodylatacja → normalizacja mikrokrążenia siatkówki) + bezpośrednio (↓ Ca²⁺ wewnątrzkomórkowego)
Działania niepożądane: hipotensja, osłabienie kurczliwości serca"
"karprofen, meloksykam, ketoprofen, ASA","Kategoria: Okulistyka: NLPZ + inhibitory metaloproteinaz
Grupa: NLPZ
Mechanizm: hamują COX-2 → ↓ prostaglandyn (mediatorów zapalenia i bólu)
Zastosowanie: infekcyjne zap. spojówek, końcowy okres leczenia wrzodu rogówki, operacja zaćmy, zap. tęczówki/ciała rzęskowego (z GKS)
Przeciwwskazania: krwotoki do komory przedniej
Działania niepożądane: ↓ agregacji płytek"
N-acetylocysteina + tetracykliny,"Kategoria: Okulistyka: NLPZ + inhibitory metaloproteinaz
Grupa: inhibitory metaloproteinaz (IMP)
Mechanizm: acetylocysteina bogata w grupy -SH wiąże nieodwracalnie Zn²⁺ w centrach aktywnych MMPs → unieczynnia
Zastosowanie: owrzodzenia rogówki
Przeciwwskazania: niewydolność nerek, zaburzenia wątroby
Działania niepożądane: nefro-, hepatotoksyczne, pp, nadwrażliwość na światło, reakcje alergiczne"
